Data,Cod_adult_M_ICES_2024,Cod_juv_M_ICES_2025,Cod_adult_new_min,Cod_juvenile_new_min,Cod_adult_new_max,Cod_juvenile_new_max
1994,23606.3833,37237.23794,23606.3833,21327.02691,23606.38313,65875.36033
1994.083333,23605.38909,37235.73719,23605.76349,21326.22777,23606.04657,65872.64845
1994.166667,23603.12223,37231.09021,23603.84744,21323.77213,23604.32874,65864.10953
1994.25,23600.19466,37227.23922,23601.2282,21321.69247,23601.85882,65857.11868
1994.333333,23596.8219,37224.02063,23598.12287,21319.92429,23598.93157,65851.32331
1994.416667,23593.24307,37221.24565,23594.77371,21318.36533,23595.79615,65846.37757
1994.5,23589.70041,37218.79159,23591.40724,21316.98414,23592.69872,65842.04835
1994.583333,23586.40788,37216.62698,23588.27202,21315.74452,23589.88591,65838.19716
1994.666667,23583.54638,37214.66688,23585.51749,21314.63705,23587.49665,65834.71757
1994.75,23581.24019,37212.87038,23583.30884,21313.63498,23585.67789,65831.477
1994.833333,23579.58528,37211.19659,23581.72157,21312.72414,23584.50607,65828.39351
1994.916667,23578.63669,37209.57942,23580.82332,21311.8841,23584.00102,65825.36069
1995,23578.39915,37207.99058,23580.63297,21311.09282,23584.16951,65822.2772
1995.083333,23563.63074,37214.16348,23606.66489,21294.66005,23749.27719,65735.95093
1995.166667,23551.25346,37220.27032,23628.54378,21278.28549,23886.13223,65649.68757
1995.25,23540.72303,37226.27647,23646.85012,21261.93296,24000.26775,65563.58172
1995.333333,23531.07196,37232.13476,23661.521,21245.58829,24095.37534,65477.95389
1995.416667,23520.56355,37237.80112,23671.53703,21229.25463,24173.39411,65393.3957
1995.5,23509.69018,37243.23151,23677.9223,21212.93985,24237.71411,65310.7441
1995.583333,23498.79792,37248.35672,23681.48069,21196.66597,24290.95897,65230.9619
1995.666667,23488.18883,37253.12641,23682.84773,21180.45344,24335.17295,65155.10648
1995.75,23478.05168,37257.44933,23682.51895,21164.33687,24371.91807,65084.26563
1995.833333,23468.52017,37261.25942,23680.84987,21148.35087,24402.41598,65019.51617
1995.916667,23459.72173,37264.46543,23678.13625,21132.53791,24427.65354,64961.89015
1996,23451.69727,37266.99185,23674.57314,21116.94991,24448.3385,64912.31152
1996.083333,23487.68858,37271.31792,23719.00894,21055.08242,24521.80129,64450.11762
1996.166667,23519.1682,37274.3792,23753.80153,20993.55157,24567.8353,64000.54017
1996.25,23546.99347,37276.41796,23780.34314,20932.54458,24590.87827,63564.40981
1996.333333,23571.86128,37277.53487,23799.77898,20872.19357,24594.4951,63142.48748
1996.416667,23594.37256,37277.78028,23813.07338,20812.60867,24581.58896,62735.6169
1996.5,23615.00083,37277.1762,23821.02234,20753.90944,24554.49674,62344.67261
1996.583333,23634.12519,37275.76984,23824.28183,20696.217,24515.14236,61970.56673
1996.666667,23652.065,37273.59264,23823.38044,20639.66034,24465.07768,61614.25616
1996.75,23669.04993,37270.72013,23818.73031,20584.38264,24405.58434,61276.64034
1996.833333,23685.27819,37267.22153,23810.73573,20530.53332,24337.70283,60958.58158
1996.916667,23700.87091,37263.18177,23799.64684,20478.28386,24262.31445,60660.83449
1997,23715.81709,37258.83367,23785.65241,20427.88595,24180.02137,60384.16761
1997.083333,23734.41603,37257.03088,23755.87175,20331.89758,23880.47832,59303.65106
1997.166667,23751.33332,37254.97639,23720.9596,20238.52216,23579.58988,58263.46309
1997.25,23766.87884,37253.15787,23681.40833,20148.12937,23276.49461,57262.74775
1997.333333,23781.30903,37251.87736,23637.63639,20060.98034,22970.57556,56300.54223
1997.416667,23794.87086,37251.27643,23590.01818,19977.27486,22661.4079,55375.80815
1997.5,23807.74996,37251.43059,23538.85102,19897.16237,22348.65551,54487.56413
1997.583333,23820.13038,37252.34614,23484.44954,19820.78289,22032.13173,53634.80978
1997.666667,23832.16314,37254.01994,23427.03554,19748.22923,21711.73227,52816.61315
1997.75,23843.97881,37256.40793,23366.84342,19679.60049,21387.42503,52032.06589
1997.833333,23855.69538,37259.46292,23304.07138,19614.97375,21059.26364,51280.24576
1997.916667,23867.38992,37263.13457,23238.88147,19554.4324,20727.38028,50560.23091
1998,23877.63877,37268.88274,23173.89764,19495.58844,20405.94581,49857.07306
1998.083333,23887.34174,37268.1654,23114.52669,19422.02798,20173.19225,49458.11854
1998.166667,23897.15956,37268.76633,23054.04983,19350.71078,19940.89349,49072.9882
1998.25,23906.7414,37271.05364,22991.95896,19282.11193,19707.95413,48703.56752
1998.333333,23915.53669,37275.43634,22927.73966,19216.75999,19473.73019,48350.95021
1998.416667,23923.24024,37282.12208,22861.08833,19155.02622,19238.14356,48015.37949
1998.5,23929.6617,37291.20525,22791.8209,19097.19691,19001.4742,47696.48715
1998.583333,23934.71297,37302.71101,22719.87603,19043.47502,18764.14482,47393.4358
1998.666667,23938.35316,37316.59533,22645.30878,18994.01312,18526.70015,47105.02405
1998.75,23940.62317,37332.81101,22568.12544,18948.93549,18289.62076,46829.79799
1998.833333,23941.60165,37351.28253,22488.4723,18908.32394,18053.40493,46566.12171
1998.916667,23941.3468,37371.90608,22406.42017,18872.24139,17818.47578,46312.20517
1999,23942.98913,37391.56687,22327.60236,18835.25744,17598.36402,46053.0342
1999.083333,23913.75435,37411.31577,22230.75192,18800.19112,17357.8346,45911.93229
1999.166667,23892.46538,37431.29119,22140.89713,18765.20345,17138.5484,45764.8585
1999.25,23877.0929,37451.29493,22056.1534,18730.38254,16936.3354,45610.86946
1999.333333,23866.0276,37471.26406,21975.06873,18695.85265,16748.17672,45449.04585
1999.416667,23858.08022,37491.20487,21896.55453,18661.76009,16571.78656,45278.53594
1999.5,23852.35408,37511.09849,21819.80694,18628.2197,16405.40402,45098.51164
1999.583333,23848.16802,37530.93548,21744.24862,18595.3463,16247.68033,44908.18371
1999.666667,23845.0328,37550.67808,21669.43597,18563.22957,16097.47956,44706.84694
1999.75,23842.62751,37570.28854,21595.10154,18531.94502,15953.89,44493.92281
1999.833333,23840.70044,37589.71337,21521.07386,18501.56501,15816.07892,44268.98903
1999.916667,23839.10215,37608.88021,21447.20979,18472.1509,15683.30015,44031.76311
2000,23837.87512,37627.60658,21375.62674,18441.52706,15561.958,43775.09077
2000.083333,23849.40449,37650.62126,21319.71664,18406.9311,15499.28953,43420.27422
2000.166667,23860.43517,37673.2521,21264.43421,18371.24655,15438.36297,43046.36386
2000.25,23870.89639,37695.49595,21209.66462,18334.5143,15379.88057,42653.85882
2000.333333,23880.77084,37717.33709,21155.32134,18296.7784,15324.04924,42243.81354
2000.416667,23890.08998,37738.72831,21101.34775,18258.0829,15270.66714,41817.75709
2000.5,23898.9183,37759.66334,21047.69507,18218.48286,15219.31451,41377.59649
2000.583333,23907.3502,37780.07923,20994.346,18178.03964,15169.32712,40925.57742
2000.666667,23915.4313,37799.96027,20941.2329,18136.81929,15119.99721,40464.17318
2000.75,23923.24811,37819.28127,20888.3479,18094.90677,15070.53049,39995.96052
2000.833333,23930.85255,37838.04854,20835.63122,18052.36815,15020.25848,39523.48451
2000.916667,23938.25091,37856.24949,20783.08129,18009.27265,14968.58027,39049.25647
2001,23946.01266,37873.3933,20732.04942,17964.2784,14912.59608,38578.02958
2001.083333,23965.23771,37897.20083,20698.53891,17931.60636,14893.28944,38241.41752
2001.166667,23982.43029,37919.72156,20664.09398,17897.05288,14866.46917,37910.24527
2001.25,23998.30145,37940.92401,20629.22744,17860.75009,14832.68339,37586.79357
2001.333333,24013.35302,37960.86167,20594.28854,17822.83014,14792.28893,37273.00111
2001.416667,24027.93895,37979.59433,20559.49909,17783.45191,14745.58814,36970.49407
2001.5,24042.34711,37997.20379,20524.98651,17742.79001,14692.8099,36680.53762
2001.583333,24056.7427,38013.77814,20490.76967,17701.02851,14634.21939,36404.10342
2001.666667,24071.19963,38029.4212,20456.82341,17658.35461,14570.08815,36141.89626
2001.75,24085.80286,38044.23995,20423.09896,17614.95078,14500.7388,35894.28816
2001.833333,24100.59801,38058.28472,20389.55384,17570.97276,14426.65906,35661.30952
2001.916667,24115.63542,38071.61845,20356.12671,17526.53539,14348.44394,35442.69052
2002,24128.75521,38086.39944,20321.64402,17482.87986,14261.05562,35243.54032
2002.083333,24179.93338,38117.19161,20322.33304,17449.68397,14142.80793,35055.84573
2002.166667,24226.89245,38147.69747,20319.65088,17416.61551,14022.06499,34884.13697
2002.25,24270.78709,38177.99882,20314.33218,17383.79403,13899.29722,34727.33849
2002.333333,24312.396,38208.12084,20306.89291,17351.31076,13774.9708,34584.21006
2002.416667,24352.24302,38238.06037,20297.64771,17319.27269,13649.54013,34453.33916
2002.5,24390.6821,38267.87406,20286.73816,17287.78678,13523.45788,34333.28242
2002.583333,24427.92246,38297.63426,20274.30268,17256.9663,13397.20461,34222.51922
2002.666667,24464.0648,38327.46053,20260.36645,17226.94182,13271.22455,34119.53695
2002.75,24499.16572,38357.48816,20244.95778,17197.83446,13145.96616,34022.80612
2002.833333,24533.26143,38387.86502,20228.07982,17169.74963,13021.94084,33930.72501
2002.916667,24566.3472,38418.7736,20209.77505,17142.77856,12899.67304,33841.69614
2003,24599.20801,38449.59093,20191.04396,17116.02616,12785.08948,33748.73753
2003.083333,24685.33137,38502.94157,20215.90076,17106.69129,12620.9712,33830.17169
2003.166667,24767.58801,38556.57223,20238.45137,17097.70251,12478.13837,33905.8544
2003.25,24846.3193,38610.7346,20258.76344,17089.16678,12353.42726,33974.86382
2003.333333,24921.80997,38665.6615,20276.98169,17081.17535,12244.60064,34036.1206
2003.416667,24994.34476,38721.58262,20293.18793,17073.80688,12150.05721,34088.42378
2003.5,25064.10299,38778.72132,20307.48912,17067.13058,12068.56055,34130.52341
2003.583333,25131.28761,38837.31044,20319.9891,17061.21252,11999.10605,34161.14251
2003.666667,25196.05907,38897.59852,20330.79168,17056.1109,11940.8331,34179.06027
2003.75,25258.59357,38959.78693,20340.03059,17051.87136,11892.94401,34183.17581
2003.833333,25319.03896,39024.09589,20347.80965,17048.53792,11854.65757,34172.51324
2003.916667,25377.52268,39090.69217,20354.27987,17046.12319,11825.18074,34146.34582
2004,25434.53711,39159.43732,20359.48217,17044.73728,11803.01399,34104.86272
2004.083333,25518.90329,39253.72987,20378.80946,17028.99354,11781.48109,34063.20649
2004.166667,25597.98067,39351.08684,20393.39382,17014.70021,11766.18104,34006.24092
2004.25,25672.5259,39451.74107,20403.95257,17001.9328,11756.35543,33934.08551
2004.333333,25743.17452,39555.87188,20411.08665,16990.74323,11751.31341,33847.01644
2004.416667,25810.53847,39663.56108,20415.29159,16981.15824,11750.39622,33745.4847
2004.5,25875.11801,39774.87789,20417.00786,16973.18254,11752.99197,33630.06798
2004.583333,25937.41496,39889.81286,20416.60357,16966.81457,11758.51371,33501.53186
2004.666667,25997.81002,40008.31566,20414.37761,16962.04174,11766.39092,33360.76651
2004.75,26056.66342,40130.30448,20410.57224,16958.84674,11776.07042,33208.79723
2004.833333,26114.23316,40255.68808,20405.40928,16957.22328,11786.98087,33046.84187
2004.916667,26170.75992,40384.33748,20399.04445,16957.16036,11798.54796,32876.21246
2005,26228.68361,40513.86781,20393.00054,16957.26576,11808.4821,32700.0706
2005.083333,26342.98933,40663.52459,20421.30875,16930.30885,11861.08214,32341.78418
2005.166667,26452.43885,40814.77651,20444.56412,16903.98591,11900.40612,31983.55096
2005.25,26557.74635,40967.39704,20463.43994,16878.27176,11928.03506,31626.47902
2005.333333,26659.56469,41121.21943,20478.41757,16853.18528,11945.10488,31271.92386
2005.416667,26758.41298,41276.17131,20489.94536,16828.77525,11952.4686,30921.40528
2005.5,26854.80721,41432.19606,20498.3631,16805.11402,11950.84493,30576.49331
2005.583333,26949.11234,41589.24963,20503.93193,16782.28654,11940.84492,30238.77699
2005.666667,27041.68705,41747.27538,20506.89254,16760.39506,11923.03399,29909.80103
2005.75,27132.82393,41906.25444,20507.40222,16739.55128,11897.97252,29590.99018
2005.833333,27222.69917,42066.16479,20505.62303,16719.87475,11866.2783,29283.5657
2005.916667,27311.56132,42226.95923,20501.67294,16701.48975,11828.59825,28988.54358
2006,27402.75798,42385.36253,20497.09045,16683.09688,11775.0958,28717.22825
2006.083333,27585.67671,42555.90713,20552.12433,16643.17278,11841.84391,28211.19451
2006.166667,27762.57041,42724.66468,20600.88305,16603.75365,11874.72136,27733.59372
2006.25,27934.2571,42891.88372,20643.87158,16565.02826,11879.09745,27283.0028
2006.333333,28101.2622,43057.79708,20681.50207,16527.20585,11859.15359,26858.30567
2006.416667,28264.13629,43222.70993,20714.06557,16490.5145,11818.29589,26458.64341
2006.5,28423.2066,43386.93691,20741.79645,16455.19805,11759.3874,26083.31841
2006.583333,28578.83807,43550.83667,20764.91181,16421.50821,11684.94282,25731.79142
2006.666667,28731.26982,43714.79307,20783.55165,16389.70925,11597.17741,25403.5688
2006.75,28839.59456,43879.21197,20797.87173,16360.06861,11498.06238,25098.17337
2006.833333,28888.64116,44044.50866,20808.0136,16332.86944,11389.38356,24815.10558
2006.916667,28884.91287,44211.0607,20814.05437,16308.37917,11272.74433,24553.78435
2007,28837.99313,44378.19479,20817.92108,16285.07661,11148.7929,24314.34188
2007.083333,28767.54901,44560.25461,20798.49783,16260.75782,10932.72616,24134.86697
2007.166667,28712.57177,44743.24256,20775.07413,16238.16001,10722.60681,23974.35243
2007.25,28670.62936,44928.14027,20748.45073,16217.85738,10518.31789,23832.00733
2007.333333,28639.8372,45115.30642,20719.21909,16200.25894,10319.89611,23706.57328
2007.416667,28618.51519,45304.67807,20687.85589,16185.67459,10127.39978,23596.4131
2007.5,28605.38597,45495.91229,20654.73551,16174.35917,9940.890102,23499.63961
2007.583333,28599.25396,45688.4522,20620.08607,16166.51404,9760.397073,23414.17858
2007.666667,28599.17216,45881.61192,20584.09948,16162.3091,9585.901687,23337.83374
2007.75,28604.34142,46074.58601,20546.89529,16161.88908,9417.335956,23268.3805
2007.833333,28614.06327,46266.4715,20508.59307,16165.35151,9254.557151,23203.61711
2007.916667,28627.79028,46456.32768,20469.24631,16172.77818,9097.387069,23141.41442
2008,28648.54911,46639.68688,20432.42439,16180.69725,8952.031536,23073.32219
2008.083333,28677.25532,46839.58268,20308.39524,16214.03786,8753.159615,23331.64649
2008.166667,28712.39243,47032.33339,20197.94837,16248.2484,8582.540337,23584.29366
2008.25,28752.62329,47217.54258,20098.41892,16283.45159,8436.297172,23829.98757
2008.333333,28796.93167,47394.73203,20007.73352,16319.71819,8311.408284,24067.24009
2008.416667,28844.46807,47563.42979,19924.40087,16357.07025,8205.408825,24294.39971
2008.5,28894.59697,47723.17654,19847.26,16395.48258,8116.16966,24509.71352
2008.583333,28946.7961,47873.52549,19775.463,16434.8907,8041.804462,24711.39319
2008.666667,29000.66272,48014.06449,19708.35547,16475.20179,7980.595399,24897.66258
2008.75,29055.84761,48144.42543,19645.40253,16516.28842,7930.947939,25066.88918
2008.833333,29112.15257,48264.23391,19586.26597,16557.99014,7891.303026,25217.68326
2008.916667,29169.41397,48373.19419,19530.6406,16600.12447,7860.148474,25348.92661
2009,29234.29241,48464.23983,19482.94845,16637.8116,7851.971444,25443.88472
2009.083333,29306.36312,48555.5466,19381.76094,16647.40289,7781.878032,25558.65578
2009.166667,29384.11908,48629.51135,19292.24122,16652.14583,7740.622965,25638.49161
2009.25,29466.47798,48686.95209,19212.67304,16652.00425,7723.525692,25684.21398
2009.333333,29552.53998,48728.46032,19141.68934,16646.89005,7726.809342,25696.70798
2009.416667,29641.55945,48754.49224,19078.19211,16636.69312,7747.284432,25677.01537
2009.5,29732.90712,48765.50405,19021.30667,16621.30175,7782.160959,25626.33924
2009.583333,29826.06074,48761.92049,18970.2811,16600.61056,7828.990545,25546.06803
2009.666667,29917.22278,48747.52334,18924.49085,16574.53932,7885.573953,25437.76673
2009.75,30001.92247,48727.24273,18883.38691,16543.02352,7949.961518,25303.16455
2009.833333,30076.9475,48705.31035,18846.51623,16506.00182,8020.394444,25144.1888
2009.916667,30140.29058,48685.18706,18813.48866,16463.44432,8095.337743,24962.8964
2010,30190.50757,48669.92469,18782.79246,16416.44907,8164.175717,24770.74506
2010.083333,30235.6906,48690.72757,18828.80609,16355.47668,8379.266991,24521.92417
2010.166667,30277.08871,48716.10193,18870.52826,16290.90186,8572.526811,24267.01781
2010.25,30315.60801,48744.547,18908.38214,16222.59561,8746.282785,24007.5846
2010.333333,30352.02249,48775.15983,18942.67134,16150.55793,8902.283152,23745.60082
2010.416667,30386.77891,48807.33634,18973.60981,16074.86747,9041.967041,23483.31216
2010.5,30420.38695,48840.60144,19001.37215,15995.65166,9166.60974,23223.1598
2010.583333,30453.13293,48874.62478,19026.11097,15913.06152,9277.365761,22967.69223
2010.666667,30485.30629,48909.09175,19047.92064,15827.29683,9375.3495,22719.44648
2010.75,30517.07378,48943.75692,19066.89714,15738.56525,9461.660154,22480.90262
2010.833333,30548.70914,48978.35917,19083.16158,15647.08071,9537.437033,22254.3266
2010.916667,30580.35393,49012.63107,19096.7942,15553.06818,9603.832118,22041.75
2011,30611.25621,49047.26793,19101.54815,15463.1363,9642.123201,21864.85016
2011.083333,30644.10601,49102.76744,19181.97841,15364.27857,9819.18056,21573.88657
2011.166667,30678.8467,49158.34876,19247.78026,15269.30487,9956.144122,21319.77493
2011.25,30715.44995,49213.68468,19301.09315,15178.13653,10059.1399,21100.96379
2011.333333,30753.87487,49268.58956,19343.4776,15090.81288,10133.01652,20916.07863
2011.416667,30793.98303,49322.97846,19376.13233,15007.46607,10181.81351,20763.92059
2011.5,30835.64542,49376.80418,19399.98234,14928.26757,10208.97118,20643.41075
2011.583333,30878.68272,49430.10134,19415.7072,14853.42187,10217.48477,20553.54787
2011.666667,30922.94704,49482.92341,19423.93145,14783.15395,10210.00703,20493.37466
2011.75,30968.34401,49535.32704,19425.1632,14717.67616,10188.97073,20461.87637
2011.833333,31014.83272,49587.31221,19419.86809,14657.182,10156.74908,20457.77815
2011.916667,31062.40059,49638.84748,19408.5275,14601.81462,10115.59874,20479.59735
2012,31110.23275,49690.75086,19389.86563,14553.42086,10058.72269,20534.59215
2012.083333,31157.89815,49759.20655,19386.49444,14506.05435,9949.374129,20567.86654
2012.166667,31205.50063,49827.79754,19374.07312,14465.29178,9833.030922,20627.53809
2012.25,31252.95208,49896.84473,19353.84286,14431.10483,9711.91764,20710.5292
2012.333333,31300.18016,49966.55263,19326.85134,14403.4589,9587.975926,20813.75216
2012.416667,31347.11878,50037.13832,19293.9685,14382.30364,9462.949375,20934.10999
2012.5,31393.67986,50108.80947,19255.91484,14367.58715,9338.332858,21068.531
2012.583333,31439.66203,50181.88384,19213.34476,14359.2402,9215.382658,21213.99844
2012.666667,31484.81988,50256.73268,19166.81515,14357.17784,9095.135472,21367.57534
2012.75,31528.8797,50333.75556,19116.83254,14361.29154,8978.378852,21526.46495
2012.833333,31571.69047,50413.28599,19063.81698,14371.47117,8865.601377,21688.11035
2012.916667,31613.07914,50495.63545,19008.1743,14387.58774,8757.056415,21850.18226
2013,31652.36928,50581.63768,18954.63017,14405.12483,8665.195735,21998.15888
2013.083333,31690.18383,50680.36326,18833.87467,14394.83666,8451.432954,22013.20894
2013.166667,31727.18665,50780.93254,18719.36601,14385.75191,8263.808038,22012.41295
2013.25,31763.79935,50883.33608,18609.97942,14377.89735,8098.215159,21995.7236
2013.333333,31800.38058,50987.39453,18504.90631,14371.23992,7951.472436,21963.03617
2013.416667,31837.19148,51092.77754,18403.59452,14365.6884,7820.918662,21914.24889
2013.5,31874.45859,51199.10757,18305.65864,14361.14209,7704.2541,21849.29505
2013.583333,31912.27314,51306.03853,18210.81235,14357.48303,7599.446738,21768.18689
2013.666667,31950.74211,51413.21489,18118.85903,14354.58063,7504.661769,21671.02321
2013.75,31989.88752,51520.28428,18029.61461,14352.31691,7418.202895,21558.09245
2013.833333,32029.74398,51626.93523,17942.89661,14350.60694,7338.345946,21429.97777
2013.916667,32070.24856,51732.87827,17858.51941,14349.39564,7263.430096,21287.5195
2014,32110.67133,51838.55703,17781.03088,14343.88973,7206.654128,21116.9813
2014.083333,32154.35046,51954.96758,17673.68777,14302.87704,7108.997233,20794.23607
2014.166667,32200.9839,52070.71428,17574.51069,14258.26977,7026.294117,20452.55412
2014.25,32250.54963,52185.01057,17481.9234,14210.12142,6954.931331,20094.72207
2014.333333,32302.85887,52297.29012,17394.75392,14158.51065,6892.008232,19723.5502
2014.416667,32357.79206,52407.13449,17312.05524,14103.54913,6835.147808,19341.82259
2014.5,32415.11325,52514.17242,17233.07225,14045.36431,6782.372098,18952.27056
2014.583333,32474.56758,52618.13019,17157.18987,13984.10561,6732.005918,18557.52237
2014.666667,32535.9883,52718.77498,17083.86381,13919.94767,6682.6587,18160.07455
2014.75,32599.15833,52815.92116,17012.64887,13853.08082,6633.159882,17762.31086
2014.833333,32663.82282,52909.42715,16943.13131,13783.7253,6582.490505,17366.50401
2014.916667,32729.7867,52999.18913,16874.91473,13712.12651,6529.807275,16974.7747
2015,32795.83868,53086.18242,16808.96343,13637.23048,6473.515662,16589.99654
2015.083333,32861.39985,53183.51423,16710.31335,13548.80723,6422.342504,16125.43829
2015.166667,32926.44188,53278.14657,16614.92434,13457.97711,6362.717413,15675.07583
2015.25,32990.35128,53370.35631,16521.85725,13365.16014,6295.278875,15239.99779
2015.333333,33052.85745,53460.44549,16430.47182,13270.74489,6220.613014,14821.06605
2015.416667,33113.73388,53548.64065,16340.28982,13175.08609,6139.313135,14418.94316
2015.5,33172.87988,53635.19347,16250.95574,13078.51803,6051.999566,14034.09448
2015.583333,33230.23567,53720.26126,16162.19741,12981.35533,5959.301083,13666.79407
2015.666667,33285.82014,53804.05798,16073.78359,12883.89217,5861.86504,13317.14074
2015.75,33339.66474,53886.69689,15985.55383,12786.3999,5760.366664,12985.03315
2015.833333,33391.83555,53968.32271,15897.35396,12689.10978,5655.560568,12670.13177
2015.916667,33442.38604,54049.01725,15809.06757,12592.22317,5548.223327,12371.89356
2016,33490.81912,54129.46638,15719.25683,12497.30924,5434.484742,12094.27867
2016.083333,33537.01524,54228.38389,15521.02067,12421.27506,5266.159712,11985.07748
2016.166667,33581.23866,54327.72929,15333.29449,12346.97602,5106.36727,11888.8234
2016.25,33623.47682,54427.16907,15154.0537,12274.39955,4954.704142,11804.36656
2016.333333,33663.73284,54526.50188,14981.96272,12203.54485,4810.929625,11730.37677
2016.416667,33702.1735,54625.63962,14816.09027,12134.40878,4674.873965,11665.35114
2016.5,33738.91518,54724.46275,14655.75518,12066.95279,4546.380918,11607.62884
2016.583333,33774.18129,54822.86427,14500.52013,12001.11633,4425.287061,11555.46375
2016.666667,33808.13856,54920.6806,14350.04376,11936.80108,4311.390121,11507.05737
2016.75,33840.97578,55017.74183,14204.09639,11873.86623,4204.490784,11460.60868
2016.833333,33872.83766,55113.85919,14062.47666,11812.11908,4104.448429,11414.28203
2016.916667,33903.89096,55208.84391,13925.07917,11751.32446,4011.144396,11366.29666
2017,33934.21434,55302.51351,13791.98258,11691.04267,3923.878545,11315.55085
2017.083333,33964.80829,55416.53922,13529.70016,11620.66226,3802.856053,11227.44002
2017.166667,33996.0189,55527.43757,13285.84365,11549.93027,3692.593678,11133.84335
2017.25,34028.06327,55635.06385,13057.64515,11478.54779,3592.213921,11033.70387
2017.333333,34061.07667,55739.09713,12843.1351,11406.19705,3500.953723,10926.15211
2017.416667,34095.19126,55839.14099,12640.92604,11332.54536,3418.099009,10810.50693
2017.5,34130.44163,55934.77383,12449.96239,11257.25368,3342.978353,10686.28524
2017.583333,34166.92533,56025.58665,12269.40962,11179.98303,3274.9406,10553.20117
2017.666667,34204.61718,56111.1956,12098.59601,11100.39754,3213.350217,10411.16053
2017.75,34243.51718,56191.2483,11936.934,11018.16292,3157.586876,10260.25329
2017.833333,34283.53409,56265.4679,11783.91076,10932.95119,3107.038271,10100.75475
2017.916667,34324.63331,56333.59639,11639.05198,10844.44298,3061.11321,9933.096924
2018,34365.84579,56396.25673,11500.95053,10753.27936,3021.418045,9755.678094
2018.083333,34407.39492,56478.68798,11286.32093,10665.39569,2957.955273,9556.23905
2018.166667,34449.09192,56555.16657,11087.63643,10574.03621,2902.623502,9349.522433
2018.25,34490.66622,56626.13296,10902.85041,10478.99014,2854.1276,9136.665443
2018.333333,34531.92275,56691.90178,10730.46919,10380.0451,2811.338812,8918.793877
2018.416667,34572.72308,56752.66179,10569.29799,10276.99659,2773.272804,8697.016644
2018.5,34612.89416,56808.57032,10418.37564,10169.64168,2739.055878,8472.418158
2018.583333,34652.37936,56859.70287,10276.88648,10057.80103,2707.919062,8246.05412
2018.666667,34691.02137,56906.14754,10144.09979,9941.311819,2679.18882,8018.936311
2018.75,34728.83278,56947.98612,10019.37139,9820.026967,2652.269737,7792.044845
2018.833333,34765.73492,56985.25637,9902.084609,9693.840287,2626.619605,7566.342097
2018.916667,34801.73095,57018.02122,9791.669985,9562.671549,2601.75407,7342.755394
2019,34835.76373,57047.37556,9682.027762,9432.037671,2570.651881,7128.754025
2019.083333,34870.68061,57083.75858,9639.928042,9302.710266,2564.144546,6906.709911
2019.166667,34906.01908,57117.55539,9593.083806,9173.288473,2548.799313,6695.146786
2019.25,34941.83577,57148.55836,9542.427911,9043.491493,2525.818413,6493.763143
2019.333333,34978.06148,57176.66049,9488.554209,8913.139989,2496.296818,6302.301813
2019.416667,35014.6081,57201.89327,9431.855977,8782.127777,2461.255179,6120.527587
2019.5,35051.36866,57224.26926,9372.650985,8650.394291,2421.630536,5948.209476
2019.583333,35088.24564,57243.83253,9311.168908,8517.912002,2378.283916,5785.10256
2019.666667,35125.16352,57260.62711,9247.65358,8384.687203,2332.000761,5630.949246
2019.75,35162.05937,57274.69706,9182.323663,8250.750568,2283.493458,5485.458583
2019.833333,35198.90174,57286.08641,9115.397033,8116.146147,2233.398803,5348.304573
2019.916667,35235.7095,57294.83923,9047.089208,7980.940795,2182.282232,5219.125743
2020,35271.20213,57302.21399,8972.396894,7850.441418,2129.153918,5099.005663
2020.083333,35315.70557,57313.20693,8775.711038,7723.39267,2029.943033,5002.075934
2020.166667,35368.11549,57329.06393,8590.337457,7601.025515,1938.536726,4912.589313
2020.25,35428.38784,57346.1228,8413.556233,7482.719357,1853.997959,4829.582578
2020.333333,35496.43138,57362.70973,8243.739192,7368.102155,1775.699646,4752.174431
2020.416667,35571.99756,57378.13255,8079.958196,7256.915132,1703.174745,4679.496665
2020.5,35654.91019,57392.32205,7921.680744,7148.938838,1636.035603,4610.675582
2020.583333,35745.07488,57405.41667,7768.632328,7043.967194,1573.933418,4544.841707
2020.666667,35842.35321,57417.79394,7620.66193,6941.776819,1516.550211,4481.142458
2020.75,35946.72942,57429.91322,7477.688533,6842.132532,1463.583208,4418.759034
2020.833333,36058.1532,57442.36601,7339.645281,6744.784207,1414.759194,4356.913594
2020.916667,36176.61824,57455.80041,7206.4779,6649.46992,1369.820579,4294.888686
2021,36300.67414,57472.33071,7074.322033,6559.724069,1327.302473,4233.267477
2021.083333,36430.25167,57490.453,6941.402418,6446.304008,1282.750666,4133.537609
2021.166667,36565.32881,57513.52117,6808.736074,6338.133827,1240.175974,4034.336858
2021.25,36705.87096,57542.52942,6676.811455,6234.642092,1199.639205,3935.185937
2021.333333,36851.73024,57578.49714,6546.054481,6135.292371,1161.158096,3835.743642
2021.416667,37002.66439,57622.49403,6416.771909,6039.576153,1124.719132,3735.791655
2021.5,37158.27698,57675.67793,6289.2528,5947.014032,1090.27882,3635.22525
2021.583333,37318.03631,57739.19404,6163.734694,5857.14941,1057.770017,3534.036828
2021.666667,37481.19356,57814.24424,6040.429961,5769.552042,1027.105732,3432.300708
2021.75,37646.83949,57902.09331,5919.515578,5683.828254,998.0832722,3330.062497
2021.833333,37813.832,58004.04378,5800.812995,5599.562745,970.5670852,3227.627504
2021.916667,37980.84968,58121.44854,5684.035512,5516.384258,944.4494894,3125.428565
2022,38144.17054,58255.33327,5572.492965,5431.689681,921.0990946,3022.312012
2022.083333,38289.06393,58405.01836,5417.793958,5306.904254,884.1069443,2890.537004
2022.166667,38418.34256,58573.78849,5271.43207,5182.189616,850.7375341,2761.25007
2022.25,38534.32838,58763.49994,5132.635296,5057.543016,820.3004363,2634.922052
2022.333333,38639.0381,58975.37344,5000.772028,4932.980578,792.2171272,2511.960873
2022.416667,38734.21788,59210.2333,4875.285384,4808.535336,766.0049407,2392.709001
2022.5,38821.30556,59468.6899,4755.668821,4684.265104,741.2690452,2277.445986
2022.583333,38901.52502,59751.17112,4641.450404,4560.242244,717.6927305,2166.38719
2022.666667,38975.94282,60057.94754,4532.206178,4436.554458,695.0268515,2059.68928
2022.75,39045.45251,60389.08208,4427.522022,4313.305965,673.0788485,1957.459515
2022.833333,39110.78085,60744.5244,4326.997969,4190.633231,651.6954338,1859.762503
2022.916667,39172.45328,61124.01651,4230.247428,4068.69239,630.7638588,1766.625271
2023,39233.1661,61525.06031,4133.127991,3951.429601,608.3754178,1679.864467
2023.083333,39294.78189,61945.32128,4023.753197,3793.664985,578.9661494,1567.415103
2023.166667,39358.83601,62382.42089,3913.306325,3642.919611,548.9897591,1463.988597
2023.25,39426.59954,62833.92394,3802.30021,3498.830875,518.939892,1368.786838
2023.333333,39499.095,63297.38896,3691.162347,3361.101459,489.2130691,1281.079282
2023.416667,39577.11524,63770.29897,3580.275002,3229.46885,460.1226222,1200.199571
2023.5,39661.30524,64250.16215,3469.978756,3103.68646,431.9143182,1125.536666
2023.583333,39752.19356,64734.43005,3360.583904,2983.522846,404.7701598,1056.531469
2023.666667,39850.18293,65220.59827,3252.379902,2868.750496,378.8210538,992.671754
2023.75,39955.62572,65706.12467,3145.618643,2759.153499,354.1531453,933.4917457
2023.833333,40068.74532,66188.56146,3040.513874,2654.531677,330.8116183,878.5678975
2023.916667,40189.73364,66665.47348,2937.253191,2554.699599,308.810408,827.5172015
2024,40318.83609,67134.35002,2836.722059,2458.746627,288.304069,779.8265874
2024.083333,40456.12818,67592.88175,2770.518866,2390.903265,267.6136158,731.0072189
2024.166667,40601.67913,68038.83485,2704.833228,2325.188131,248.4826427,685.5247069
2024.25,40755.46376,68470.08876,2639.834058,2261.606142,230.8022014,643.0999244
2024.333333,40917.41286,68884.68651,2575.62302,2200.16005,214.4675664,603.4778143
2024.416667,41087.36913,69280.78443,2512.268542,2140.848283,199.3803466,566.4261226
2024.5,41265.03365,69656.79052,2449.818803,2083.665138,185.4463734,531.7345537
2024.583333,41450.0698,70011.33302,2388.308214,2028.596851,172.578235,499.2126595
2024.666667,41641.95844,70343.30446,2327.767844,1975.623953,160.6897861,468.6932171
2024.75,41840.00425,70651.93715,2268.210474,1924.730911,149.7041719,440.0237833
2024.833333,42043.41754,70936.74029,2209.639055,1875.903763,139.5555167,413.0603608
2024.916667,42250.75103,71198.05367,2152.092127,1829.08273,130.1847012,387.6724649
2025,42457.95552,71439.0361,2095.417492,1784.393859,121.4308368,363.8503832
2025.083333,42662.13648,71662.40592,2039.720351,1741.701665,113.27661,341.4598308
2025.166667,42861.04122,71870.49136,1985.093519,1700.877153,105.6975286,320.3872142
2025.25,43053.19414,72065.306,1931.606213,1661.794079,98.66614428,300.5324532
2025.333333,43237.50036,72248.56767,1879.324109,1624.330823,92.15078616,281.811514
2025.416667,43413.37783,72421.72994,1828.297549,1588.367729,86.11809408,264.1504975
2025.5,43580.44271,72586.09535,1778.565269,1553.789272,80.53386336,247.4856396
2025.583333,43738.61319,72742.72103,1730.158536,1520.484449,75.36346704,231.7611992
2025.666667,43887.93961,72892.48793,1683.097407,1488.346877,70.57396728,216.9273474
2025.75,44028.61705,73036.15743,1637.387781,1457.280696,66.13158168,202.9414338
2025.833333,44160.93494,73174.30844,1593.019531,1427.204889,62.00210556,189.7662978
2025.916667,44285.36524,73307.36885,1549.964832,1398.05427,58.15260108,177.3702684
2026,44402.3547,73435.60923,1508.980058,1368.981914,54.611361,165.6638222
2026.083333,44512.44448,73559.19948,1469.92009,1339.996572,51.33404592,154.6326018
2026.166667,44616.15999,73678.21512,1432.63961,1311.118299,48.28307292,144.2592936
2026.25,44713.99519,73792.72534,1396.994875,1282.374429,45.42803784,134.5244728
2026.333333,44806.40944,73902.63578,1362.844011,1253.798686,42.74360388,125.406603
2026.416667,44893.92815,74007.95273,1330.053793,1225.428235,40.201056,116.8816144
2026.5,44976.91944,74108.55662,1298.496603,1197.301223,37.79406,108.9233255
2026.583333,45055.7986,74204.31531,1268.053965,1169.456782,35.555976,101.5047104
2026.666667,45130.90543,74295.12183,1238.616154,1141.933552,33.36012,94.59747648
2026.75,45202.53568,74380.84405,1210.08613,1114.76732,31.333176,88.17333084
2026.833333,45271.01025,74461.37498,1182.375404,1087.990927,29.390688,82.20229164
2026.916667,45336.58715,74536.58249,1155.410236,1061.631999,27.532656,76.65564384
2027,45399.48346,74606.37219,1129.214617,1035.624465,25.801308,71.50636152
2027.083333,45459.86278,74670.65598,1103.7152,1010.003427,24.112188,66.72615192
2027.166667,45517.97996,74729.37095,1078.849159,984.796609,22.549752,62.2884114
2027.25,45573.91366,74782.44787,1054.565268,960.0272158,21.071772,58.16907
2027.333333,45627.8086,74829.91191,1030.819777,935.7143211,19.678248,54.3432132
2027.416667,45679.72141,74871.75679,1007.575913,911.8754258,18.36918,50.78930472
2027.5,45729.7748,74908.01396,984.8013283,888.5254745,17.144568,47.48580828
2027.583333,45777.97507,74938.82185,962.4693794,865.6777404,16.004412,44.41372128
2027.666667,45824.35995,74964.26857,940.5567642,843.3443167,14.906484,41.552352
2027.75,45868.87912,74984.54918,919.0413606,821.535183,13.893012,38.891988
2027.833333,45911.48224,74999.92166,897.9074376,800.259827,12.963996,36.400536
2027.916667,45951.97738,75010.79504,877.1403454,779.5258195,12.077208,34.077996
2028,45990.16319,75017.59719,856.7262211,759.3393544,11.274876,31.924368
2028.083333,46025.88864,75020.7623,836.6562158,739.7047089,10.514772,29.939652
2028.166667,46058.99014,75020.78747,816.9226114,720.6239966,9.796896,28.039392
2028.25,46089.40161,75018.08171,797.5192139,702.0971686,9.121248,26.265816
2028.333333,46117.01608,75013.09179,778.4424836,684.12216,8.530056,24.618924
2028.416667,46141.85558,75006.17008,759.6914374,666.6948905,7.938864,23.098716
2028.5,46163.961,74997.68155,741.2638139,649.8090187,7.3899,21.620736
2028.583333,46183.39841,74987.91564,723.1614813,633.4567771,6.925392,20.26944
2028.666667,46200.22446,74977.15553,705.3853243,617.6280389,6.460884,19.0026
2028.75,46214.63105,74965.59628,687.9382926,602.3110548,5.996376,17.820216
2028.833333,46226.72202,74953.42666,670.8249089,587.4902413,5.616324,16.68006
2028.916667,46236.66411,74940.81027,654.0532845,573.1465734,5.236272,15.62436
2029,46244.6052,74927.8478,637.6316292,559.2593056,4.898448,14.653116
2029.083333,46250.75293,74914.60846,621.5672678,545.8063161,4.602852,13.681872
2029.166667,46255.26463,74901.18034,605.8684591,532.7647946,4.307256,12.837312
2029.25,46258.28816,74887.58233,590.5407582,520.1121276,4.0158828,11.992752
2029.333333,46260.04375,74873.87106,575.5891303,507.8259474,3.7625148,11.232648
2029.416667,46260.6258,74860.02764,561.0172623,495.8848694,3.5218152,10.514772
2029.5,46260.15702,74846.05208,546.8252034,484.2685415,3.3022296,9.796896
2029.583333,46258.84504,74831.95696,533.0139368,472.9578895,3.0953124,9.163476
2029.666667,46256.73706,74817.736,519.5795296,461.9354127,2.9010636,8.572284
2029.75,46253.96523,74803.34514,506.5186392,451.18479,2.7194832,8.02332
2029.833333,46250.62394,74788.80955,493.8256611,440.691175,2.5505712,7.474356
2029.916667,46246.78868,74774.09148,481.4944013,430.440803,2.3901048,6.96762
2030,46242.55071,74759.18464,469.5167484,420.4211382,2.2423068,6.503112
2030.083333,46237.93204,74744.07643,457.8844926,410.6209476,2.1029544,6.080832
2030.166667,46233.02392,74728.77317,446.588687,401.0302518,1.9720476,5.70078
2030.25,46227.86095,74713.26854,435.6185654,391.640374,1.8495864,5.320728
2030.333333,46222.46202,74697.56885,424.9643452,382.4435224,1.731348,4.940676
2030.416667,46216.87117,74681.68667,414.6150144,373.4330605,1.6215552,4.64508
2030.5,46211.11986,74665.62831,404.5593646,364.6032118,1.520208,4.307256
2030.583333,46205.1955,74649.42522,394.7863102,355.9492326,1.4230836,4.032774
2030.666667,46199.12957,74633.08369,385.2853312,347.467018,1.330182,3.7667376
2030.75,46192.91262,74616.67924,376.0446782,339.1532004,1.245726,3.5175924
2030.833333,46186.56038,74600.22445,367.0537081,331.0049533,1.1654928,3.2853384
2030.916667,46180.02251,74583.75708,358.3020482,323.0200643,1.0894824,3.0699756
2031,46173.33362,74567.35892,349.7794487,315.1969114,1.0176948,2.871504
2031.083333,46166.43708,74551.06144,341.476053,307.5340441,0.95013,2.681478
2031.166667,46159.37694,74534.94645,333.3819063,300.0304302,0.886788,2.5083432
2031.25,46152.11229,74519.03281,325.4884302,292.6852586,0.8318916,2.3478768
2031.333333,46144.64943,74503.38975,317.7872674,285.4978164,0.7769952,2.195856
2031.416667,46136.97577,74488.04243,310.2700117,278.4677595,0.7220988,2.0522808
2031.5,46129.15739,74473.03491,302.9291169,271.5944979,0.675648,1.921374
2031.583333,46121.15338,74458.40494,295.7580449,264.8775402,0.6291972,1.7989128
2031.666667,46112.99205,74444.14622,288.7496675,258.3164438,0.5869692,1.6806744
2031.75,46104.70488,74430.3028,281.8986017,251.9105204,0.548964,1.5751044
2031.833333,46096.33591,74416.8621,275.1986532,245.6589099,0.5109588,1.4737572
2031.916667,46087.83479,74403.82412,268.6456436,239.5606536,0.4771764,1.3808556
2032,46079.32423,74391.19515,262.2349026,233.6143996,0.4476168,1.2921768
2032.083333,46070.76963,74378.95001,255.9626941,227.8186731,0.41721264,1.2119436
2032.166667,46062.18042,74367.08872,249.8254049,222.1716306,0.38976444,1.1317104
2032.25,46053.66043,74355.59869,243.8198641,216.6712073,0.36400536,1.0599228
2032.333333,46045.1656,74344.44215,237.943712,211.3149946,0.3399354,0.992358
2032.416667,46036.74629,74333.60024,232.1943924,206.1003745,0.31755456,0.929016
2032.5,46028.40877,74323.04778,226.5699143,201.0244835,0.29686284,0.8698968
2032.583333,46020.17194,74312.77219,221.068557,196.0842738,0.27743796,0.8150004
2032.666667,46012.01062,74302.7483,215.6884525,191.2764639,0.25927992,0.7643268
2032.75,46003.99717,74292.95093,210.4282981,186.5976494,0.242811,0.7136532
2032.833333,45996.13474,74283.3738,205.2866067,182.0442663,0.22676436,0.6672024
2032.916667,45988.39501,74273.96657,200.2620018,177.6127137,0.21240684,0.6249744
2033,45980.79686,74264.74182,195.3532666,173.2992922,0.19889388,0.5827464
2033.083333,45973.32771,74255.64292,190.5590986,169.1002657,0.1858032,0.5447412
2033.166667,45966.00643,74246.69504,185.8778876,165.0118981,0.17397936,0.5109588
2033.25,45958.80785,74237.84784,181.308589,161.0305023,0.16300008,0.4771764
2033.333333,45951.73512,74229.13907,176.8494454,157.1524037,0.15244308,0.4476168
2033.416667,45944.82285,74220.50581,172.4992155,153.3739767,0.14273064,0.41679036
2033.5,45938.02385,74211.96694,168.2559942,149.6917678,0.13386276,0.38976444
2033.583333,45931.30664,74203.50358,164.1184544,146.1023482,0.12541716,0.36400536
2033.666667,45924.71529,74195.1346,160.0845805,142.6024364,0.11739384,0.34035768
2033.75,45918.26237,74186.82226,156.1524798,139.1888739,0.1097928,0.31797684
2033.833333,45911.86293,74178.59801,152.3203702,135.8586251,0.10303632,0.29728512
2033.916667,45905.55474,74170.41781,148.5860888,132.6088755,0.09627984,0.27743796
2034,45899.31891,74162.32571,144.9475339,129.4368231,0.09036792,0.25927992
2034.083333,45893.15859,74154.29652,141.4025793,126.3399361,0.084456,0.24238872
2034.166667,45887.08007,74146.34914,137.9488655,123.3158304,0.07896636,0.22634208
2034.25,45881.02358,74138.4521,134.5843523,120.3622075,0.073899,0.21156228
2034.333333,45875.03315,74130.64316,131.306557,117.4769661,0.06925392,0.19762704
2034.416667,45869.06475,74122.89084,128.1133167,114.6581027,0.06460884,0.18495864
2034.5,45863.16242,74115.21404,125.0021857,111.9037985,0.06038604,0.17271252
2034.583333,45857.27897,74107.60645,121.9707305,109.2124067,0.05658552,0.16131096
2034.666667,45851.46473,74100.06808,119.0168373,106.5822926,0.052785,0.15075396
2034.75,45845.66623,74092.58005,116.1381095,104.0119938,0.04940676,0.14104152
2034.833333,45839.91492,74085.16753,113.3321875,101.5001461,0.04602852,0.13175136
2034.916667,45834.19192,74077.79277,110.5968836,99.04550812,0.04307256,0.12330576
2035,45828.50354,74070.46205,107.9301085,96.64689398,0.040369968,0.11528244
2035.083333,45822.8592,74063.19425,105.3296747,94.30316683,0.037709604,0.10810368
2035.166667,45817.23374,74055.96421,102.7934253,92.01331274,0.03526038,0.10092492
2035.25,45811.65547,74048.76564,100.3194552,89.77633009,0.03293784,0.09459072
2035.333333,45806.11181,74041.57965,97.90584732,87.5912541,0.030741984,0.08825652
2035.416667,45800.59647,74034.41253,95.55065978,85.45720605,0.028757268,0.08276688
2035.5,45795.11888,74027.27059,93.25225802,83.37328263,0.026857008,0.07727724
2035.583333,45789.68848,74020.13493,91.00887229,81.3386051,0.025083432,0.07220988
2035.666667,45784.28955,74012.99928,88.81894177,79.35234388,0.02343654,0.0675648
2035.75,45778.94725,74005.86992,86.6808872,77.41363869,0.021916332,0.063342
2035.833333,45773.62068,73998.71539,84.59328907,75.52163537,0.02048058,0.0591192
2035.916667,45768.33501,73991.58603,82.55480165,73.67549205,0.019129284,0.05531868
2036,45763.07137,73984.41892,80.5641099,71.87436073,0.017862444,0.05194044
2036.083333,45757.85177,73977.2581,78.61999713,70.11738112,0.016722288,0.0485622
2036.166667,45752.6542,73970.05952,76.72127119,68.40368676,0.01562436,0.04560624
2036.25,45747.48809,73962.86094,74.86693047,66.73238049,0.014610888,0.04265028
2036.333333,45742.31568,73955.6372,73.05583199,65.10260202,0.013639644,0.039778776
2036.416667,45737.20935,73948.39457,71.28702328,63.51343574,0.012752856,0.037202868
2036.5,45732.08728,73941.11419,69.55955187,61.96399677,0.011950524,0.034795872
2036.583333,45726.98095,73933.82752,67.87255746,60.45335108,0.011148192,0.032557788
2036.666667,45721.90923,73926.53456,66.22522278,58.98060149,0.010430316,0.030446388
2036.75,45716.8375,73919.21642,64.61659533,57.54482627,0.009754668,0.028461672
2036.833333,45711.76892,73911.87312,63.04602377,56.14509752,0.009163476,0.026645868
2036.916667,45706.72237,73904.51094,61.5125679,54.78051806,0.008572284,0.02491452
2037,45701.68525,73897.14876,60.01558865,53.45015388,0.00802332,0.023267628
2037.083333,45696.64499,73889.76141,58.5543732,52.15310778,0.007474356,0.02174742
2037.166667,45691.62046,73882.36776,57.12812884,50.88850106,0.007009848,0.020353896
2037.25,45686.59593,73874.95524,55.73619807,49.65543653,0.00654534,0.0190026
2037.333333,45681.55881,73867.54272,54.37784349,48.45305082,0.00612306,0.017777988
2037.416667,45676.53743,73860.12391,53.05244445,47.28048979,0.005743008,0.016595604
2037.5,45671.52233,73852.71139,51.75920824,46.13692079,0.005362956,0.015539904
2037.583333,45666.50409,73845.27999,50.4975972,45.0215296,0.005025132,0.014526432
2037.666667,45661.46698,73837.85488,49.26680938,43.93352968,0.004687308,0.013555188
2037.75,45656.46762,73830.4109,48.06622723,42.87214368,0.004391712,0.0126684
2037.833333,45651.43994,73822.9795,46.89518708,41.8366342,0.004121453,0.011866068
2037.916667,45646.44372,73815.53552,45.75302835,40.82627921,0.003855416,0.011063736
2038,45641.43492,73808.11042,44.63905973,39.84038739,0.003606271,0.01034586
2038.083333,45636.43556,73800.67902,43.55264214,38.87827358,0.003374017,0.009670212
2038.166667,45631.44879,73793.24133,42.49313343,37.939311,0.003154432,0.009036792
2038.25,45626.47145,73785.82251,41.45986073,37.0228667,0.002947514,0.0084456
2038.333333,45621.47209,73778.36595,40.45215729,36.12835078,0.002757488,0.007896636
2038.416667,45616.48846,73770.94713,39.46946394,35.25519175,0.002580131,0.0073899
2038.5,45611.51112,73763.53461,38.51108935,34.40284884,0.002411219,0.006925392
2038.583333,45606.54322,73756.10321,37.57645591,33.57079359,0.002254975,0.006460884
2038.666667,45601.5942,73748.69699,36.66488459,32.75851597,0.002107177,0.006038604
2038.75,45596.64832,73741.28447,35.77582848,31.96553667,0.001967825,0.005658552
2038.833333,45591.70245,73733.89082,34.9086946,31.19139482,0.001841141,0.0052785
2038.916667,45586.7786,73726.49089,34.06288074,30.43564489,0.00171868,0.004940676
2039,45581.84531,73719.10354,33.23783692,29.69785676,0.001608887,0.00464508
2039.083333,45576.94033,73711.72877,32.43301931,28.97761562,0.001503317,0.004349484
2039.166667,45572.05424,73704.36659,31.64788101,28.27451591,0.001406192,0.004053888
2039.25,45567.1587,73696.99812,30.88188125,27.58818893,0.001313291,0.003792074
2039.333333,45562.28833,73689.65481,30.13454074,26.9182414,0.001228835,0.003547152
2039.416667,45557.42426,73682.32409,29.40536787,26.26432306,0.001148602,0.003319121
2039.5,45552.56019,73675.00596,28.6938526,25.62607289,0.001072591,0.003103758
2039.583333,45547.72443,73667.71929,27.99953715,25.0031483,0.001000804,0.002901064
2039.666667,45542.89811,73660.42632,27.32200671,24.39521594,0.000937462,0.00271526
2039.75,45538.09696,73653.17741,26.66080042,23.80193783,0.00087412,0.002542126
2039.833333,45533.28637,73645.9222,26.01555265,23.22300057,0.000819223,0.002377436
2039.916667,45528.51669,73638.71104,25.38575644,22.65807847,0.000764327,0.002221193
2040,45523.72812,73631.49987,24.77111375,22.10686738,0.000717876,0.002077618
2040.083333,45518.97417,73624.32018,24.17119599,21.56905234,0.000671425,0.001942488
2040.166667,45514.22965,73617.17194,23.58567745,21.04434148,0.000624974,0.001820027
2040.25,45509.49457,73610.0237,23.0141833,20.53242908,0.000586969,0.001701788
2040.333333,45504.77837,73602.9258,22.45637249,20.03302326,0.000548964,0.001591996
2040.416667,45500.08105,73595.84678,21.91194699,19.54583059,0.000510959,0.001486426
2040.5,45495.41519,73588.79293,21.3805427,19.07057609,0.000481399,0.001389301
2040.583333,45490.75562,73581.77054,20.86188311,18.60696633,0.000447617,0.001300622
2040.666667,45486.10549,73574.77962,20.35566865,18.154734,0.000419324,0.001216166
2040.75,45481.47109,73567.82016,19.86161818,17.71359491,0.000392298,0.001135933
2040.833333,45476.88703,73560.88586,19.37941831,17.28328942,0.000366961,0.001064146
2040.916667,45472.29039,73553.98303,18.90881095,16.86353793,0.000343314,0.000992358
2041,45467.7315,73547.11166,18.44955338,16.45409773,0.000321355,0.000929016
2041.083333,45463.18834,73540.28434,18.00135984,16.05469997,0.000300663,0.000869897
2041.166667,45458.66406,73533.48848,17.56398455,15.66509731,0.000281238,0.000810778
2041.25,45454.16181,73526.72408,17.13717709,15.28504549,0.00026308,0.000760104
2041.333333,45449.6627,73519.99115,16.72070856,14.91430178,0.000246189,0.00070943
2041.416667,45445.21393,73513.30855,16.31431935,14.55262499,0.000230143,0.00066298
2041.5,45440.78403,73506.63854,15.91780819,14.19979083,0.000215363,0.000620752
2041.583333,45436.36358,73500.01887,15.53090778,13.85557041,0.000201428,0.000578524
2041.666667,45431.99661,73493.44954,15.15341535,13.51974249,0.000188337,0.000540518
2041.75,45427.62964,73486.89909,14.78511427,13.19209508,0.000176091,0.000506736
2041.833333,45423.30357,73480.38639,14.42579869,12.87241772,0.000164689,0.000472954
2041.916667,45418.98065,73473.92403,14.07523818,12.56050915,0.000154132,0.000443394
2042,45414.70178,73467.49943,13.7332238,12.25616735,0.000143997,0.000414679
2042.083333,45410.44807,73461.11258,13.39956353,11.95920722,0.000134707,0.000387653
2042.166667,45406.21639,73454.76348,13.07406225,11.66943748,0.000125839,0.000362316
2042.25,45402.00044,73448.45844,12.75650798,11.38667841,0.000117816,0.000339091
2042.333333,45397.83168,73442.19114,12.44671021,11.11075332,0.000110215,0.000317132
2042.416667,45393.66607,73435.9679,12.14448383,10.84148939,0.000103036,0.000296441
2042.5,45389.53822,73429.78241,11.84964294,10.57872532,9.63E-05,0.000277438
2042.583333,45385.45126,73423.63467,11.56201397,10.3223021,8.99E-05,0.00025928
2042.666667,45381.38633,73417.54986,11.2814064,10.07205843,8.40E-05,0.000242389
2042.75,45377.33713,73411.49651,11.00764896,9.827848369,7.85E-05,0.000226764
2042.833333,45373.30996,73405.4935,10.74057034,9.589521357,7.35E-05,0.000211985
2042.916667,45369.34256,73399.53454,10.4800054,9.356938368,6.88E-05,0.000198472
2043,45365.38775,73393.61334,10.22580129,9.129959604,6.42E-05,0.000185381
2043.083333,45361.44867,73387.74247,9.97778518,8.90845141,6.00E-05,0.000173557
2043.166667,45357.55992,73381.92194,9.735808817,8.692283207,5.62E-05,0.000162156
2043.25,45353.68691,73376.13288,9.499713202,8.481329021,5.24E-05,0.000152021
2043.333333,45349.84222,73370.40044,9.26936161,8.275465953,4.90E-05,0.000141886
2043.416667,45346.05101,73364.71206,9.044600416,8.074571872,4.60E-05,0.000133018
2043.5,45342.28183,73359.07401,8.825304417,7.878530024,4.31E-05,0.00012415
2043.583333,45338.52837,73353.47372,8.611326899,7.687225956,4.01E-05,0.000116127
2043.666667,45334.80638,73347.91747,8.402529602,7.500547525,3.75E-05,0.000108526
2043.75,45331.119,73342.41157,8.198790395,7.318390265,3.51E-05,0.000101769
2043.833333,45327.46308,73336.9623,7.999992521,7.140644334,3.28E-05,0.000095013
2043.916667,45323.85435,73331.55078,7.806002328,6.967208341,3.07E-05,8.87E-05
2044,45320.24248,73326.19589,7.616699989,6.797975515,2.87E-05,8.32E-05
2044.083333,45316.68094,73320.87876,7.43197259,6.632852915,2.69E-05,7.77E-05
2044.166667,45313.14773,73315.61197,7.251727187,6.471739149,2.51E-05,7.26E-05
2044.25,45309.63339,73310.40181,7.075826288,6.314541272,2.35E-05,6.80E-05
2044.333333,45306.18197,73305.2357,6.904173876,6.161165575,2.20E-05,0.000063342
2044.416667,45302.7337,73300.11364,6.736677008,6.011521034,2.05E-05,5.95E-05
2044.5,45299.33577,73295.04191,6.573227379,5.865518164,1.92E-05,5.57E-05
2044.583333,45295.96616,73290.01424,6.413723598,5.723070935,1.79E-05,5.19E-05
2044.666667,45292.61857,73285.0369,6.258077714,5.584091396,1.68E-05,4.86E-05
2044.75,45289.31188,73280.10361,6.106195631,5.448498126,1.57E-05,4.56E-05
2044.833333,45286.04294,73275.23324,5.957984408,5.316207017,1.47E-05,4.27E-05
2044.916667,45282.80547,73270.40063,5.813361471,5.187140488,1.38E-05,3.97E-05
2045,45279.58373,73265.62465,5.672235797,5.061216733,1.29E-05,3.71E-05
